Timestamp (ms),MQ-3 Voltage,MQ-4 Voltage,MQ-8 Voltage
2025-05-16 17:34:25.729,0.888625,0.4555,1.0482500000000001
2025-05-16 17:34:25.757,0.88925,0.45487500000000003,1.04275
2025-05-16 17:34:25.789,0.88325,0.457,1.04275
2025-05-16 17:34:25.822,0.887875,0.45525,1.042125
2025-05-16 17:34:25.859,0.88425,0.457,1.051125
2025-05-16 17:34:25.891,0.88775,0.4555,1.049375
2025-05-16 17:34:25.928,0.88375,0.457125,1.054375
2025-05-16 17:34:25.961,0.887875,0.455,1.057
2025-05-16 17:34:25.999,0.883875,0.45725,1.04575
2025-05-16 17:34:26.032,0.888,0.45787500000000003,1.0558750000000001
2025-05-16 17:34:26.063,0.889625,0.45775,1.052
2025-05-16 17:34:26.091,0.89075,0.457125,1.043375
2025-05-16 17:34:26.119,0.890125,0.458125,1.051125
2025-05-16 17:34:26.151,0.88825,0.45737500000000003,1.05575
2025-05-16 17:34:26.179,0.8885000000000001,0.45725,1.047625
2025-05-16 17:34:26.207,0.887875,0.457,1.04325
2025-05-16 17:34:26.235,0.88725,0.45687500000000003,1.050625
2025-05-16 17:34:26.263,0.88675,0.456625,1.050125
2025-05-16 17:34:26.291,0.886375,0.4565,1.041625
2025-05-16 17:34:26.319,0.88575,0.455,1.04575
2025-05-16 17:34:26.347,0.88175,0.45375,1.053
2025-05-16 17:34:26.377,0.88225,0.453125,1.054625
2025-05-16 17:34:26.410,0.881125,0.45387500000000003,1.0415
2025-05-16 17:34:26.441,0.880875,0.45537500000000003,1.0465
2025-05-16 17:34:26.469,0.881875,0.455625,1.050875
2025-05-16 17:34:26.501,0.8815000000000001,0.455625,1.043125
2025-05-16 17:34:26.534,0.885375,0.453625,1.04275
2025-05-16 17:34:26.568,0.88375,0.45425,1.05075
2025-05-16 17:34:26.596,0.885375,0.454,1.05125
2025-05-16 17:34:26.634,0.882,0.45625,1.043625
2025-05-16 17:34:26.668,0.88575,0.45525,1.046125
2025-05-16 17:34:26.698,0.886375,0.45425,1.045875
2025-05-16 17:34:26.732,0.884875,0.454125,1.054875
2025-05-16 17:34:26.765,0.88275,0.4555,1.059375
2025-05-16 17:34:26.795,0.882875,0.456,1.0495
2025-05-16 17:34:26.824,0.88425,0.45587500000000003,1.047625
2025-05-16 17:34:26.853,0.883,0.456125,1.05
2025-05-16 17:34:26.886,0.8825000000000001,0.456125,1.052375
2025-05-16 17:34:26.915,0.883625,0.456,1.046125
2025-05-16 17:34:26.949,0.886375,0.45537500000000003,1.053125
2025-05-16 17:34:26.979,0.886375,0.4545,1.046875
2025-05-16 17:34:27.007,0.886375,0.45525,1.043125
2025-05-16 17:34:27.036,0.88625,0.45537500000000003,1.04325
2025-05-16 17:34:27.067,0.8865000000000001,0.45487500000000003,1.043
2025-05-16 17:34:27.101,0.8865000000000001,0.45437500000000003,1.043625
2025-05-16 17:34:27.134,0.885625,0.45437500000000003,1.046875
2025-05-16 17:34:27.170,0.883,0.456125,1.0475
2025-05-16 17:34:27.204,0.882625,0.45625,1.051125
2025-05-16 17:34:27.232,0.883,0.45637500000000003,1.045375
2025-05-16 17:34:27.266,0.886625,0.4565,1.044125
2025-05-16 17:34:27.299,0.8865000000000001,0.45637500000000003,1.0482500000000001
2025-05-16 17:34:27.330,0.886625,0.4565,1.053625
2025-05-16 17:34:27.361,0.886625,0.45525,1.054875
2025-05-16 17:34:27.395,0.88625,0.4555,1.055375
2025-05-16 17:34:27.432,0.882875,0.4575,1.0565
2025-05-16 17:34:27.466,0.8825000000000001,0.4575,1.056
2025-05-16 17:34:27.500,0.882625,0.45787500000000003,1.04375
2025-05-16 17:34:27.534,0.886,0.45725,1.04575
2025-05-16 17:34:27.564,0.886375,0.457625,1.05
2025-05-16 17:34:27.596,0.88625,0.45687500000000003,1.050125
2025-05-16 17:34:27.624,0.886375,0.45787500000000003,1.0445
2025-05-16 17:34:27.656,0.8865000000000001,0.458,1.042875
2025-05-16 17:34:27.688,0.8865000000000001,0.45637500000000003,1.045875
2025-05-16 17:34:27.722,0.88625,0.45675,1.044625
2025-05-16 17:34:27.756,0.88375,0.4575,1.044125
2025-05-16 17:34:27.784,0.884,0.45687500000000003,1.0535
2025-05-16 17:34:27.812,0.886,0.4565,1.054875
2025-05-16 17:34:27.845,0.886125,0.457,1.052875
2025-05-16 17:34:27.879,0.883625,0.45675,1.050375
2025-05-16 17:34:27.907,0.885,0.456625,1.045625
2025-05-16 17:34:27.939,0.88525,0.454625,1.043875
2025-05-16 17:34:27.972,0.8745,0.45625,1.043125
2025-05-16 17:34:28.000,0.874,0.457,1.037625
2025-05-16 17:34:28.032,0.882375,0.45487500000000003,1.043125
2025-05-16 17:34:28.071,0.871,0.458,1.04475
2025-05-16 17:34:28.104,0.87775,0.4585,1.039875
2025-05-16 17:34:28.138,0.8805000000000001,0.45675,1.05125
2025-05-16 17:34:28.165,0.8758750000000001,0.45725,1.059
2025-05-16 17:34:28.196,0.8718750000000001,0.4585,1.040875
2025-05-16 17:34:28.230,0.8865000000000001,0.45675,1.050875
2025-05-16 17:34:28.263,0.878,0.457,1.0445
2025-05-16 17:34:28.296,0.879625,0.45475,1.04475
2025-05-16 17:34:28.330,0.886125,0.4555,1.0465
2025-05-16 17:34:28.364,0.875125,0.45625,1.045875
2025-05-16 17:34:28.395,0.88025,0.455625,1.0465
2025-05-16 17:34:28.425,0.886375,0.45525,1.0402500000000001
2025-05-16 17:34:28.453,0.884125,0.455,1.046625
2025-05-16 17:34:28.481,0.877375,0.45625,1.041125
2025-05-16 17:34:28.515,0.8798750000000001,0.45425,1.04175
2025-05-16 17:34:28.548,0.885375,0.45437500000000003,1.04775
2025-05-16 17:34:28.581,0.8725,0.45575,1.052625
2025-05-16 17:34:28.610,0.876625,0.45475,1.049625
2025-05-16 17:34:28.643,0.8855000000000001,0.4535,1.056125
2025-05-16 17:34:28.676,0.876,0.45625,1.04
2025-05-16 17:34:28.704,0.87475,0.457,1.039125
2025-05-16 17:34:28.733,0.87875,0.456625,1.0482500000000001
2025-05-16 17:34:28.761,0.8845000000000001,0.45537500000000003,1.0475
2025-05-16 17:34:28.790,0.88125,0.45425,1.0502500000000001
2025-05-16 17:34:28.824,0.8738750000000001,0.45525,1.047125
2025-05-16 17:34:28.863,0.880625,0.45437500000000003,1.04275
2025-05-16 17:34:28.898,0.874375,0.45337500000000003,1.037
2025-05-16 17:34:28.938,0.8775000000000001,0.454125,1.043375
2025-05-16 17:34:28.973,0.8758750000000001,0.453,1.048125
2025-05-16 17:34:29.012,0.875625,0.45437500000000003,1.0425
2025-05-16 17:34:29.047,0.877125,0.45275,1.043
2025-05-16 17:34:29.087,0.873625,0.454625,1.046875
2025-05-16 17:34:29.121,0.8758750000000001,0.455625,1.047
2025-05-16 17:34:29.155,0.88175,0.4555,1.0498750000000001
2025-05-16 17:34:29.184,0.882875,0.45525,1.0535
2025-05-16 17:34:29.215,0.881375,0.454625,1.0558750000000001
2025-05-16 17:34:29.249,0.881,0.45537500000000003,1.054375
2025-05-16 17:34:29.285,0.8805000000000001,0.455125,1.055125
2025-05-16 17:34:29.315,0.881375,0.455125,1.058875
2025-05-16 17:34:29.345,0.882875,0.454625,1.04725
2025-05-16 17:34:29.380,0.8815000000000001,0.45525,1.0542500000000001
2025-05-16 17:34:29.416,0.880625,0.455,1.0575
2025-05-16 17:34:29.448,0.881125,0.455,1.061
2025-05-16 17:34:29.476,0.881875,0.455,1.04125
2025-05-16 17:34:29.511,0.880875,0.455125,1.047125
2025-05-16 17:34:29.547,0.8805000000000001,0.45475,1.056875
2025-05-16 17:34:29.577,0.881,0.454625,1.04175
2025-05-16 17:34:29.610,0.8805000000000001,0.45487500000000003,1.04125
2025-05-16 17:34:29.645,0.880625,0.454625,1.052
2025-05-16 17:34:29.674,0.881,0.4545,1.043
2025-05-16 17:34:29.707,0.881,0.45487500000000003,1.044125
2025-05-16 17:34:29.739,0.88075,0.4545,1.0462500000000001
2025-05-16 17:34:29.771,0.8825000000000001,0.454125,1.044625
2025-05-16 17:34:29.799,0.882,0.452625,1.05475
2025-05-16 17:34:29.828,0.883875,0.4525,1.0515
2025-05-16 17:34:29.862,0.882625,0.452625,1.0555
2025-05-16 17:34:29.892,0.8825000000000001,0.4525,1.046875
2025-05-16 17:34:29.922,0.88275,0.45325,1.040625
2025-05-16 17:34:29.953,0.88375,0.452625,1.041625
2025-05-16 17:34:29.987,0.883875,0.451625,1.043625
2025-05-16 17:34:30.015,0.882125,0.452,1.053375
2025-05-16 17:34:30.043,0.882625,0.4525,1.0455
2025-05-16 17:34:30.073,0.88325,0.451625,1.050875
2025-05-16 17:34:30.107,0.880125,0.45225,1.041875
2025-05-16 17:34:30.135,0.881625,0.451625,1.045875
2025-05-16 17:34:30.165,0.880375,0.452375,1.055375
2025-05-16 17:34:30.198,0.879375,0.453625,1.05625
2025-05-16 17:34:30.230,0.880375,0.45375,1.057125
2025-05-16 17:34:30.260,0.880375,0.45375,1.050875
2025-05-16 17:34:30.295,0.883875,0.452625,1.0478750000000001
2025-05-16 17:34:30.323,0.88375,0.453125,1.0422500000000001
2025-05-16 17:34:30.354,0.883875,0.451875,1.04575
2025-05-16 17:34:30.389,0.882625,0.451875,1.041125
2025-05-16 17:34:30.420,0.88125,0.451875,1.045125
2025-05-16 17:34:30.454,0.879625,0.453625,1.045
2025-05-16 17:34:30.488,0.880125,0.453625,1.044625
2025-05-16 17:34:30.522,0.883625,0.452625,1.042125
2025-05-16 17:34:30.552,0.88375,0.45325,1.0422500000000001
2025-05-16 17:34:30.585,0.8835000000000001,0.45175,1.042
2025-05-16 17:34:30.618,0.8815000000000001,0.451625,1.04725
2025-05-16 17:34:30.647,0.881875,0.451375,1.0565
2025-05-16 17:34:30.677,0.8805000000000001,0.452125,1.044375
2025-05-16 17:34:30.709,0.880625,0.45337500000000003,1.043
2025-05-16 17:34:30.741,0.87975,0.45275,1.0425
2025-05-16 17:34:30.774,0.88,0.45337500000000003,1.04675
2025-05-16 17:34:30.802,0.881125,0.453125,1.042125
2025-05-16 17:34:30.836,0.883125,0.45275,1.0422500000000001
2025-05-16 17:34:30.867,0.883875,0.451375,1.041625
2025-05-16 17:34:30.907,0.880625,0.452375,1.042125
2025-05-16 17:34:30.941,0.8798750000000001,0.453,1.04475
2025-05-16 17:34:30.972,0.87975,0.453125,1.04875
2025-05-16 17:34:31.000,0.879625,0.453,1.042375
2025-05-16 17:34:31.034,0.883375,0.452125,1.044625
2025-05-16 17:34:31.065,0.8835000000000001,0.452625,1.045375
2025-05-16 17:34:31.098,0.883375,0.451,1.045125
2025-05-16 17:34:31.132,0.880875,0.450875,1.055625
2025-05-16 17:34:31.161,0.882125,0.451125,1.054125
2025-05-16 17:34:31.196,0.880375,0.453125,1.055625
2025-05-16 17:34:31.229,0.8798750000000001,0.453,1.054625
2025-05-16 17:34:31.257,0.880125,0.453125,1.0545
2025-05-16 17:34:31.292,0.884,0.452125,1.047375
2025-05-16 17:34:31.323,0.883375,0.451625,1.050375
2025-05-16 17:34:31.357,0.8825000000000001,0.4515,1.04275
2025-05-16 17:34:31.387,0.88175,0.451,1.04375
2025-05-16 17:34:31.417,0.881625,0.450875,1.051125
2025-05-16 17:34:31.446,0.881375,0.45125,1.052875
2025-05-16 17:34:31.474,0.881125,0.45125,1.042125
2025-05-16 17:34:31.502,0.881125,0.451,1.048875
2025-05-16 17:34:31.534,0.880375,0.45275,1.0518750000000001
2025-05-16 17:34:31.565,0.880375,0.45275,1.0595
2025-05-16 17:34:31.594,0.881125,0.452875,1.0522500000000001
2025-05-16 17:34:31.628,0.88375,0.452625,1.053375
2025-05-16 17:34:31.661,0.883875,0.451625,1.04775
2025-05-16 17:34:31.689,0.884,0.450375,1.048625
2025-05-16 17:34:31.723,0.883625,0.451125,1.04275
2025-05-16 17:34:31.751,0.883,0.45075,1.04475
2025-05-16 17:34:31.787,0.8798750000000001,0.452375,1.046625
2025-05-16 17:34:31.819,0.87925,0.45225,1.041875
2025-05-16 17:34:31.853,0.883,0.45125,1.04275
2025-05-16 17:34:31.883,0.88325,0.450625,1.0505
2025-05-16 17:34:31.912,0.88225,0.45025,1.053
2025-05-16 17:34:31.944,0.881375,0.45025,1.055125
2025-05-16 17:34:31.978,0.88,0.45225,1.050125
2025-05-16 17:34:32.013,0.878625,0.452125,1.055625
2025-05-16 17:34:32.041,0.87975,0.45225,1.0518750000000001
2025-05-16 17:34:32.075,0.882875,0.45,1.054
2025-05-16 17:34:32.109,0.8815000000000001,0.450625,1.0505
2025-05-16 17:34:32.145,0.8795000000000001,0.45275,1.055375
2025-05-16 17:34:32.173,0.8795000000000001,0.452875,1.044
2025-05-16 17:34:32.205,0.8795000000000001,0.453,1.044625
2025-05-16 17:34:32.238,0.8835000000000001,0.45275,1.042125
2025-05-16 17:34:32.269,0.883625,0.4525,1.043375
2025-05-16 17:34:32.299,0.8845000000000001,0.45125,1.044875
2025-05-16 17:34:32.332,0.88275,0.451875,1.052875
2025-05-16 17:34:32.360,0.883,0.452125,1.045625
2025-05-16 17:34:32.388,0.8835000000000001,0.452125,1.042875
2025-05-16 17:34:32.416,0.884875,0.452125,1.0482500000000001
2025-05-16 17:34:32.446,0.884375,0.452375,1.05275
2025-05-16 17:34:32.479,0.88475,0.4545,1.052125
2025-05-16 17:34:32.512,0.88325,0.4545,1.053
2025-05-16 17:34:32.547,0.883625,0.454625,1.0445
2025-05-16 17:34:32.580,0.8875000000000001,0.45375,1.05175
2025-05-16 17:34:32.609,0.8875000000000001,0.453625,1.0535
2025-05-16 17:34:32.644,0.887125,0.453,1.0535
2025-05-16 17:34:32.676,0.886625,0.45275,1.052375
2025-05-16 17:34:32.712,0.88525,0.45437500000000003,1.05325
2025-05-16 17:34:32.743,0.8765000000000001,0.45275,1.046625
2025-05-16 17:34:32.773,0.87225,0.45475,1.04125
2025-05-16 17:34:32.807,0.887,0.45337500000000003,1.044
2025-05-16 17:34:32.839,0.88275,0.45225,1.0415
2025-05-16 17:34:32.870,0.876,0.452875,1.033625
2025-05-16 17:34:32.903,0.883625,0.451875,1.03875
2025-05-16 17:34:32.931,0.88675,0.451125,1.0462500000000001
2025-05-16 17:34:32.967,0.872625,0.45475,1.047125
2025-05-16 17:34:32.997,0.88225,0.45537500000000003,1.050375
2025-05-16 17:34:33.027,0.892875,0.45525,1.052
2025-05-16 17:34:33.060,0.89475,0.45725,1.0475
2025-05-16 17:34:33.090,0.8995,0.460625,1.03525
2025-05-16 17:34:33.119,0.908,0.46187500000000004,1.038
2025-05-16 17:34:33.151,0.915125,0.465,1.045375
2025-05-16 17:34:33.182,0.908,0.469875,1.0525
2025-05-16 17:34:33.214,0.9233750000000001,0.477625,1.039875
2025-05-16 17:34:33.248,0.9505,0.47950000000000004,1.0502500000000001
2025-05-16 17:34:33.278,0.949875,0.48662500000000003,1.04975
2025-05-16 17:34:33.314,0.9596250000000001,0.492875,1.051375
2025-05-16 17:34:33.342,0.967125,0.49475,1.053
2025-05-16 17:34:33.375,0.96225,0.500625,1.04875
2025-05-16 17:34:33.412,0.968125,0.5045000000000001,1.048625
2025-05-16 17:34:33.444,0.96775,0.506,1.052625
2025-05-16 17:34:33.481,0.9595,0.5125,1.040625
2025-05-16 17:34:33.514,0.969,0.5105000000000001,1.0478750000000001
2025-05-16 17:34:33.551,0.9540000000000001,0.516625,1.03675
2025-05-16 17:34:33.586,0.966875,0.51375,1.04375
2025-05-16 17:34:33.621,0.950375,0.518625,1.038875
2025-05-16 17:34:33.655,0.966,0.514875,1.043875
2025-05-16 17:34:33.691,0.953375,0.519375,1.04475
2025-05-16 17:34:33.719,0.949875,0.5205,1.035
2025-05-16 17:34:33.753,0.9635,0.516375,1.0435
2025-05-16 17:34:33.790,0.94625,0.52175,1.044
2025-05-16 17:34:33.824,0.960375,0.516875,1.05175
2025-05-16 17:34:33.857,0.950875,0.51775,1.044125
2025-05-16 17:34:33.888,0.943875,0.522,1.03875
2025-05-16 17:34:33.921,0.9586250000000001,0.519625,1.045625
2025-05-16 17:34:33.958,0.953875,0.52175,1.052875
2025-05-16 17:34:33.991,0.958125,0.519,1.055
2025-05-16 17:34:34.027,0.9525,0.521,1.048125
2025-05-16 17:34:34.061,0.957875,0.518,1.050625
2025-05-16 17:34:34.099,0.952625,0.520375,1.04375
2025-05-16 17:34:34.133,0.95675,0.517625,1.044125
2025-05-16 17:34:34.166,0.952375,0.5181250000000001,1.05475
2025-05-16 17:34:34.196,0.95175,0.51925,1.047375
2025-05-16 17:34:34.228,0.9560000000000001,0.51675,1.052
2025-05-16 17:34:34.265,0.951375,0.51875,1.058625
2025-05-16 17:34:34.293,0.950875,0.518,1.05325
2025-05-16 17:34:34.325,0.9546250000000001,0.515625,1.0555
2025-05-16 17:34:34.362,0.949625,0.517625,1.04575
2025-05-16 17:34:34.395,0.9536250000000001,0.51475,1.0502500000000001
2025-05-16 17:34:34.432,0.948125,0.517,1.058
2025-05-16 17:34:34.461,0.94825,0.51625,1.051375
2025-05-16 17:34:34.494,0.951875,0.51375,1.051625
2025-05-16 17:34:34.531,0.94675,0.51575,1.0445
2025-05-16 17:34:34.564,0.95125,0.513,1.0535
2025-05-16 17:34:34.593,0.948625,0.51275,1.0538750000000001
2025-05-16 17:34:34.627,0.94525,0.514875,1.052125
2025-05-16 17:34:34.660,0.9495,0.512125,1.05375
2025-05-16 17:34:34.693,0.94625,0.511875,1.04975
2025-05-16 17:34:34.725,0.94325,0.51425,1.052875
2025-05-16 17:34:34.759,0.9475,0.5115000000000001,1.054625
2025-05-16 17:34:34.797,0.9425,0.513875,1.044875
2025-05-16 17:34:34.830,0.947625,0.510625,1.047375
2025-05-16 17:34:34.867,0.942125,0.5135,1.043125
2025-05-16 17:34:34.901,0.94725,0.511375,1.04575
2025-05-16 17:34:34.929,0.946375,0.51075,1.049625
2025-05-16 17:34:34.965,0.9420000000000001,0.513125,1.044
2025-05-16 17:34:34.999,0.946625,0.51075,1.044
2025-05-16 17:34:35.032,0.9435,0.510875,1.054125
2025-05-16 17:34:35.064,0.9425,0.513,1.057625
2025-05-16 17:34:35.091,0.9435,0.512,1.05
2025-05-16 17:34:35.123,0.945875,0.5105000000000001,1.053
2025-05-16 17:34:35.159,0.940875,0.512875,1.052125
2025-05-16 17:34:35.193,0.9450000000000001,0.51,1.055375
2025-05-16 17:34:35.225,0.9420000000000001,0.51,1.043
2025-05-16 17:34:35.257,0.940125,0.512375,1.0522500000000001
2025-05-16 17:34:35.290,0.94425,0.509875,1.0535
2025-05-16 17:34:35.326,0.93925,0.511875,1.05075
2025-05-16 17:34:35.356,0.9395,0.511375,1.0465
2025-05-16 17:34:35.388,0.9435,0.509625,1.043625
2025-05-16 17:34:35.416,0.942125,0.5085000000000001,1.04525
2025-05-16 17:34:35.452,0.9380000000000001,0.511,1.05075
2025-05-16 17:34:35.481,0.9395,0.51,1.047125
2025-05-16 17:34:35.511,0.94225,0.507875,1.049625
2025-05-16 17:34:35.548,0.93675,0.509875,1.0538750000000001
2025-05-16 17:34:35.581,0.937125,0.509125,1.044
2025-05-16 17:34:35.614,0.939875,0.50675,1.0475
2025-05-16 17:34:35.650,0.9353750000000001,0.508875,1.043125
2025-05-16 17:34:35.683,0.9390000000000001,0.50625,1.0445
2025-05-16 17:34:35.719,0.933625,0.508375,1.0495
2025-05-16 17:34:35.748,0.9353750000000001,0.508375,1.049625
2025-05-16 17:34:35.779,0.9363750000000001,0.506125,1.052125
2025-05-16 17:34:35.807,0.9375,0.505875,1.052375
2025-05-16 17:34:35.840,0.934,0.50575,1.043375
2025-05-16 17:34:35.870,0.931875,0.508,1.046
2025-05-16 17:34:35.904,0.93725,0.505125,1.0485
2025-05-16 17:34:35.942,0.9315,0.50775,1.0522500000000001
2025-05-16 17:34:35.976,0.936125,0.506,1.0455
2025-05-16 17:34:36.004,0.935875,0.505,1.045625
2025-05-16 17:34:36.040,0.9305,0.507375,1.04475
2025-05-16 17:34:36.070,0.931,0.50725,1.04325
2025-05-16 17:34:36.103,0.9345,0.504625,1.041875
2025-05-16 17:34:36.136,0.93125,0.505,1.047
2025-05-16 17:34:36.167,0.9293750000000001,0.50675,1.042875
2025-05-16 17:34:36.200,0.93325,0.5045000000000001,1.0442500000000001
2025-05-16 17:34:36.236,0.9283750000000001,0.506875,1.049625
2025-05-16 17:34:36.264,0.93,0.506625,1.04375
2025-05-16 17:34:36.299,0.93225,0.504125,1.048125
2025-05-16 17:34:36.375,0.9255,0.505875,1.052
2025-05-16 17:34:36.410,0.928875,0.503625,1.0538750000000001
2025-05-16 17:34:36.445,0.923625,0.505125,1.046375
2025-05-16 17:34:36.478,0.926875,0.502875,1.049125
2025-05-16 17:34:36.514,0.9227500000000001,0.50475,1.0435
2025-05-16 17:34:36.548,0.925625,0.502625,1.0462500000000001
2025-05-16 17:34:36.584,0.922125,0.50425,1.04275
2025-05-16 17:34:36.618,0.924625,0.50225,1.043
2025-05-16 17:34:36.654,0.9207500000000001,0.5035000000000001,1.04525
2025-05-16 17:34:36.687,0.9235,0.50125,1.04575
2025-05-16 17:34:36.723,0.919125,0.503125,1.05075
2025-05-16 17:34:36.757,0.923,0.500625,1.053
2025-05-16 17:34:36.793,0.917625,0.50225,1.05
2025-05-16 17:34:36.827,0.92125,0.499625,1.0545
2025-05-16 17:34:36.863,0.91725,0.500875,1.04575
2025-05-16 17:34:36.896,0.920125,0.499,1.04875
2025-05-16 17:34:36.933,0.9165,0.500125,1.04325
2025-05-16 17:34:36.966,0.919125,0.497875,1.0442500000000001
2025-05-16 17:34:37.002,0.914875,0.499875,1.042375
2025-05-16 17:34:37.036,0.9195,0.498875,1.0425
2025-05-16 17:34:37.068,0.9177500000000001,0.496625,1.0425
2025-05-16 17:34:37.104,0.913625,0.498875,1.048625
2025-05-16 17:34:37.132,0.914125,0.498,1.04375
2025-05-16 17:34:37.164,0.917125,0.496125,1.04475
2025-05-16 17:34:37.203,0.912,0.498125,1.043625
2025-05-16 17:34:37.237,0.916375,0.49562500000000004,1.04675
2025-05-16 17:34:37.273,0.911,0.4975,1.046625
2025-05-16 17:34:37.301,0.91125,0.49725,1.051125
2025-05-16 17:34:37.330,0.9111250000000001,0.497125,1.05725
2025-05-16 17:34:37.360,0.9107500000000001,0.496625,1.05175
2025-05-16 17:34:37.392,0.913625,0.4945,1.055125
2025-05-16 17:34:37.428,0.908875,0.497,1.045375
2025-05-16 17:34:37.463,0.913875,0.4935,1.0478750000000001
2025-05-16 17:34:37.495,0.911625,0.49412500000000004,1.055625
2025-05-16 17:34:37.528,0.908625,0.494875,1.049625
2025-05-16 17:34:37.556,0.9097500000000001,0.494,1.0445
2025-05-16 17:34:37.587,0.907375,0.492,1.043625
2025-05-16 17:34:37.615,0.902625,0.4935,1.03525
2025-05-16 17:34:37.654,0.9091250000000001,0.49312500000000004,1.045
2025-05-16 17:34:37.682,0.9081250000000001,0.492875,1.054625
2025-05-16 17:34:37.711,0.9011250000000001,0.49375,1.0542500000000001
2025-05-16 17:34:37.739,0.900375,0.493875,1.039375
2025-05-16 17:34:37.770,0.9081250000000001,0.494375,1.0362500000000001
2025-05-16 17:34:37.799,0.9145,0.49075,1.0435
2025-05-16 17:34:37.829,0.9081250000000001,0.49,1.051
2025-05-16 17:34:37.859,0.900625,0.492,1.047125
2025-05-16 17:34:37.895,0.9087500000000001,0.491875,1.046625
2025-05-16 17:34:37.928,0.90525,0.49062500000000003,1.052
2025-05-16 17:34:37.957,0.900875,0.49125,1.043875
2025-05-16 17:34:37.992,0.907875,0.491375,1.044875
2025-05-16 17:34:38.024,0.90175,0.49075,1.048625
2025-05-16 17:34:38.057,0.901375,0.49,1.045125
2025-05-16 17:34:38.093,0.9077500000000001,0.49025,1.05
2025-05-16 17:34:38.126,0.90075,0.49012500000000003,1.046
2025-05-16 17:34:38.159,0.90625,0.4895,1.043375
2025-05-16 17:34:38.189,0.908,0.489375,1.046
2025-05-16 17:34:38.217,0.903,0.48912500000000003,1.041125
2025-05-16 17:34:38.249,0.901,0.488,1.036
2025-05-16 17:34:38.288,0.904625,0.488875,1.0475
2025-05-16 17:34:38.322,0.9015,0.488,1.047
2025-05-16 17:34:38.360,0.90475,0.4885,1.046375
2025-05-16 17:34:38.394,0.900375,0.48912500000000003,1.0462500000000001
2025-05-16 17:34:38.422,0.905375,0.48625,1.048625
2025-05-16 17:34:38.455,0.9077500000000001,0.48612500000000003,1.044625
2025-05-16 17:34:38.485,0.899,0.48812500000000003,1.0382500000000001
2025-05-16 17:34:38.518,0.903,0.487,1.037375
2025-05-16 17:34:38.552,0.9075,0.48512500000000003,1.04475
2025-05-16 17:34:38.580,0.902,0.4845,1.05575
2025-05-16 17:34:38.611,0.894625,0.487875,1.043375
2025-05-16 17:34:38.642,0.906,0.48325,1.05125
2025-05-16 17:34:38.679,0.897,0.486375,1.037875
2025-05-16 17:34:38.714,0.9041250000000001,0.486375,1.047625
2025-05-16 17:34:38.744,0.908875,0.48512500000000003,1.05125
2025-05-16 17:34:38.779,0.9045,0.487,1.058125
2025-05-16 17:34:38.808,0.9065,0.486,1.050125
2025-05-16 17:34:38.838,0.90925,0.484375,1.05375
2025-05-16 17:34:38.877,0.90425,0.486375,1.047625
2025-05-16 17:34:38.910,0.9095,0.48575,1.046125
2025-05-16 17:34:38.945,0.90825,0.483625,1.047125
2025-05-16 17:34:38.982,0.9035,0.485375,1.043375
2025-05-16 17:34:39.016,0.90825,0.48325,1.04275
2025-05-16 17:34:39.050,0.9051250000000001,0.483125,1.04975
2025-05-16 17:34:39.080,0.903375,0.48512500000000003,1.043875
2025-05-16 17:34:39.114,0.908625,0.482,1.044125
2025-05-16 17:34:39.153,0.903625,0.48462500000000003,1.048
2025-05-16 17:34:39.182,0.9041250000000001,0.484375,1.044125
2025-05-16 17:34:39.214,0.90825,0.48225,1.044375
2025-05-16 17:34:39.253,0.9035,0.48525,1.04725
2025-05-16 17:34:39.287,0.904625,0.48325,1.047375
2025-05-16 17:34:39.316,0.90325,0.483625,1.042875
2025-05-16 17:34:39.349,0.9071250000000001,0.481625,1.044375
2025-05-16 17:34:39.381,0.90375,0.482,1.05325
2025-05-16 17:34:39.412,0.902875,0.483625,1.04525
2025-05-16 17:34:39.446,0.9071250000000001,0.482625,1.048
2025-05-16 17:34:39.476,0.906875,0.481,1.051625
2025-05-16 17:34:39.510,0.9035,0.4815,1.05075
2025-05-16 17:34:39.540,0.9025,0.483375,1.052625
2025-05-16 17:34:39.574,0.906375,0.48125,1.05475
2025-05-16 17:34:39.607,0.903875,0.480875,1.042875
2025-05-16 17:34:39.640,0.9025,0.482875,1.045375
2025-05-16 17:34:39.669,0.90275,0.482375,1.043375
2025-05-16 17:34:39.702,0.9067500000000001,0.4805,1.044125
2025-05-16 17:34:39.739,0.9025,0.482625,1.052375
2025-05-16 17:34:39.773,0.9065,0.48125,1.04275
2025-05-16 17:34:39.801,0.9067500000000001,0.48025,1.0435
2025-05-16 17:34:39.835,0.903625,0.48025,1.0465
2025-05-16 17:34:39.866,0.902625,0.48225,1.042375
2025-05-16 17:34:39.900,0.907,0.480625,1.044875
2025-05-16 17:34:39.929,0.90725,0.480375,1.052875
2025-05-16 17:34:39.956,0.906875,0.479125,1.055125
2025-05-16 17:34:39.994,0.90325,0.481375,1.054
2025-05-16 17:34:40.024,0.903375,0.48125,1.052375
2025-05-16 17:34:40.057,0.9071250000000001,0.479125,1.054875
2025-05-16 17:34:40.091,0.90375,0.479625,1.0482500000000001
2025-05-16 17:34:40.120,0.9045,0.48125,1.047375
2025-05-16 17:34:40.149,0.905625,0.481875,1.050125
2025-05-16 17:34:40.182,0.904625,0.48425,1.053125
2025-05-16 17:34:40.211,0.90525,0.480875,1.04725
2025-05-16 17:34:40.244,0.90925,0.47950000000000004,1.050875
2025-05-16 17:34:40.272,0.908875,0.479125,1.0482500000000001
2025-05-16 17:34:40.303,0.9067500000000001,0.479625,1.043125
2025-05-16 17:34:40.332,0.908,0.47925,1.046875
2025-05-16 17:34:40.366,0.906,0.4815,1.05375
2025-05-16 17:34:40.394,0.90725,0.48125,1.046375
2025-05-16 17:34:40.427,0.9105,0.47975,1.0482500000000001
2025-05-16 17:34:40.461,0.90725,0.480125,1.0538750000000001
2025-05-16 17:34:40.494,0.906,0.4815,1.045375
2025-05-16 17:34:40.529,0.9105,0.48,1.05325
2025-05-16 17:34:40.557,0.9101250000000001,0.479625,1.0542500000000001
2025-05-16 17:34:40.590,0.906875,0.480375,1.042125
2025-05-16 17:34:40.618,0.908375,0.47925,1.044125
2025-05-16 17:34:40.647,0.9081250000000001,0.479375,1.05475
2025-05-16 17:34:40.678,0.9075,0.481375,1.057625
2025-05-16 17:34:40.708,0.907625,0.481,1.052
2025-05-16 17:34:40.742,0.912,0.47925,1.05125
2025-05-16 17:34:40.776,0.9101250000000001,0.479125,1.055375
2025-05-16 17:34:40.809,0.9075,0.480875,1.05375
2025-05-16 17:34:40.838,0.9087500000000001,0.481375,1.046625
2025-05-16 17:34:40.867,0.908875,0.4815,1.051375
2025-05-16 17:34:40.896,0.908375,0.48125,1.045625
2025-05-16 17:34:40.928,0.912875,0.48,1.052875
2025-05-16 17:34:40.957,0.9125,0.47950000000000004,1.0542500000000001
2025-05-16 17:34:40.990,0.909875,0.479625,1.0435
2025-05-16 17:34:41.019,0.9105,0.47925,1.045
2025-05-16 17:34:41.050,0.910375,0.480625,1.050625
2025-05-16 17:34:41.080,0.90925,0.481375,1.058125
2025-05-16 17:34:41.108,0.90925,0.48125,1.052625
2025-05-16 17:34:41.141,0.912875,0.480625,1.05075
2025-05-16 17:34:41.172,0.913375,0.480125,1.0422500000000001
2025-05-16 17:34:41.200,0.912875,0.47925,1.043375
2025-05-16 17:34:41.238,0.9085,0.48125,1.0442500000000001
2025-05-16 17:34:41.270,0.908875,0.48125,1.044375
2025-05-16 17:34:41.302,0.913,0.48025,1.043375
2025-05-16 17:34:41.331,0.9127500000000001,0.480125,1.048625
2025-05-16 17:34:41.359,0.912375,0.479625,1.0505
2025-05-16 17:34:41.393,0.91025,0.47925,1.0538750000000001
2025-05-16 17:34:41.425,0.908375,0.4815,1.052375
2025-05-16 17:34:41.455,0.9087500000000001,0.4815,1.046875
2025-05-16 17:34:41.484,0.908625,0.481625,1.049
2025-05-16 17:34:41.514,0.9087500000000001,0.481375,1.043875
2025-05-16 17:34:41.547,0.912375,0.480625,1.046625
2025-05-16 17:34:41.577,0.912625,0.480625,1.05275
2025-05-16 17:34:41.607,0.91225,0.47975,1.054875
2025-05-16 17:34:41.640,0.9091250000000001,0.479875,1.042125
2025-05-16 17:34:41.668,0.9101250000000001,0.479375,1.04575
2025-05-16 17:34:41.701,0.90825,0.481625,1.049125
2025-05-16 17:34:41.731,0.908375,0.481875,1.0435
2025-05-16 17:34:41.765,0.912375,0.4805,1.0462500000000001
2025-05-16 17:34:41.794,0.912375,0.48075,1.053125
2025-05-16 17:34:41.824,0.91225,0.47975,1.054375
2025-05-16 17:34:41.857,0.909625,0.47975,1.0455
2025-05-16 17:34:41.886,0.9107500000000001,0.47975,1.04325
2025-05-16 17:34:41.920,0.908375,0.481875,1.042875
2025-05-16 17:34:41.954,0.908375,0.482,1.05075
2025-05-16 17:34:41.988,0.912375,0.481125,1.050125
2025-05-16 17:34:42.020,0.912,0.47950000000000004,1.0498750000000001
2025-05-16 17:34:42.059,0.907875,0.481625,1.050375
2025-05-16 17:34:42.091,0.908375,0.4815,1.0515
2025-05-16 17:34:42.122,0.9111250000000001,0.482125,1.05325
2025-05-16 17:34:42.157,0.9235,0.483375,1.052625
2025-05-16 17:34:42.190,0.93525,0.4865,1.0495
2025-05-16 17:34:42.221,0.9470000000000001,0.48962500000000003,1.04375
2025-05-16 17:34:42.251,0.9580000000000001,0.4945,1.04375
2025-05-16 17:34:42.280,0.9695,0.500125,1.0482500000000001
2025-05-16 17:34:42.309,0.980875,0.504625,1.0445
2025-05-16 17:34:42.343,0.977375,0.50925,1.04675
2025-05-16 17:34:42.372,0.996375,0.512,1.041875
2025-05-16 17:34:42.406,1.00275,0.517625,1.045875
2025-05-16 17:34:42.434,1.0015,0.522375,1.036875
2025-05-16 17:34:42.467,1.011625,0.524625,1.0402500000000001
2025-05-16 17:34:42.505,1.010625,0.53025,1.046375
2025-05-16 17:34:42.533,1.005125,0.534125,1.0385
2025-05-16 17:34:42.564,1.015625,0.53425,1.0386250000000001
2025-05-16 17:34:42.602,1.013625,0.53925,1.0422500000000001
2025-05-16 17:34:42.637,1.0190000000000001,0.540375,1.0415
2025-05-16 17:34:42.672,1.022,0.54225,1.052375
2025-05-16 17:34:42.705,1.013375,0.545125,1.044625
2025-05-16 17:34:42.741,1.019875,0.545125,1.053375
2025-05-16 17:34:42.773,1.01225,0.54725,1.049625
2025-05-16 17:34:42.810,1.01425,0.54875,1.0465
2025-05-16 17:34:42.842,1.01575,0.547125,1.051625
2025-05-16 17:34:42.878,1.0035,0.551625,1.0395
2025-05-16 17:34:42.912,1.0145,0.546375,1.049
2025-05-16 17:34:42.947,0.99425,0.5525,1.0366250000000001
2025-05-16 17:34:42.981,1.008625,0.547875,1.0442500000000001
2025-05-16 17:34:43.017,0.9898750000000001,0.5525,1.0365
2025-05-16 17:34:43.049,0.99775,0.549875,1.03975
2025-05-16 17:34:43.086,0.99275,0.552,1.04475
2025-05-16 17:34:43.119,0.9902500000000001,0.552875,1.038375
2025-05-16 17:34:43.155,0.99775,0.55275,1.05375
2025-05-16 17:34:43.189,0.987375,0.55525,1.046875
2025-05-16 17:34:43.224,0.9975,0.55425,1.052625
2025-05-16 17:34:43.258,0.99075,0.5553750000000001,1.050375
2025-05-16 17:34:43.294,0.99475,0.55625,1.0442500000000001
2025-05-16 17:34:43.327,0.997,0.554,1.049
2025-05-16 17:34:43.363,0.98875,0.557875,1.039125
2025-05-16 17:34:43.396,1.00225,0.5525,1.0465
2025-05-16 17:34:43.432,0.9862500000000001,0.557625,1.0355
2025-05-16 17:34:43.465,1.002125,0.551875,1.043
2025-05-16 17:34:43.501,0.9868750000000001,0.556,1.043875
2025-05-16 17:34:43.534,1.0030000000000001,0.555,1.04325
2025-05-16 17:34:43.570,0.99775,0.556625,1.0505
2025-05-16 17:34:43.603,1.00125,0.553625,1.049125
2025-05-16 17:34:43.640,0.995375,0.55575,1.053
2025-05-16 17:34:43.673,0.998375,0.552625,1.056375
2025-05-16 17:34:43.709,0.99225,0.554625,1.0482500000000001
2025-05-16 17:34:43.742,0.995375,0.55125,1.053
2025-05-16 17:34:43.778,0.9895,0.55325,1.044
2025-05-16 17:34:43.812,0.9928750000000001,0.5495,1.044875
2025-05-16 17:34:43.849,0.986125,0.5513750000000001,1.043
2025-05-16 17:34:43.882,0.98975,0.547875,1.043375
2025-05-16 17:34:43.918,0.983125,0.549625,1.045375
2025-05-16 17:34:43.951,0.987625,0.5465,1.04325
2025-05-16 17:34:43.980,0.984375,0.545375,1.0475
2025-05-16 17:34:44.014,0.97975,0.54725,1.04325
2025-05-16 17:34:44.048,0.9832500000000001,0.54325,1.044
2025-05-16 17:34:44.084,0.9772500000000001,0.54525,1.043
2025-05-16 17:34:44.117,0.980625,0.54125,1.04275
2025-05-16 17:34:44.154,0.97675,0.5435,1.043125
2025-05-16 17:34:44.187,0.97275,0.5417500000000001,1.047625
2025-05-16 17:34:44.219,0.9755,0.5385,1.04675
2025-05-16 17:34:44.255,0.9695,0.540125,1.0515
2025-05-16 17:34:44.287,0.9732500000000001,0.5365,1.0558750000000001
2025-05-16 17:34:44.325,0.967,0.53825,1.049625
2025-05-16 17:34:44.358,0.969875,0.5347500000000001,1.05475
2025-05-16 17:34:44.393,0.9645,0.5365,1.0455
2025-05-16 17:34:44.427,0.9675,0.533,1.048625
2025-05-16 17:34:44.459,0.965,0.5325,1.055
2025-05-16 17:34:44.493,0.961875,0.533375,1.047
2025-05-16 17:34:44.526,0.9635,0.53075,1.051125
2025-05-16 17:34:44.562,0.9590000000000001,0.532,1.045375
2025-05-16 17:34:44.595,0.9616250000000001,0.529,1.046875
2025-05-16 17:34:44.631,0.956375,0.531,1.043
2025-05-16 17:34:44.664,0.95925,0.52775,1.04475
2025-05-16 17:34:44.700,0.9540000000000001,0.5295,1.043125
2025-05-16 17:34:44.733,0.9575,0.526375,1.042875
2025-05-16 17:34:44.770,0.952125,0.5285,1.045125
2025-05-16 17:34:44.801,0.952375,0.5271250000000001,1.04275
2025-05-16 17:34:44.833,0.9546250000000001,0.5251250000000001,1.04275
2025-05-16 17:34:44.869,0.9500000000000001,0.526625,1.0478750000000001
2025-05-16 17:34:44.902,0.95375,0.524,1.0485
2025-05-16 17:34:44.938,0.9480000000000001,0.5261250000000001,1.055
2025-05-16 17:34:44.971,0.952625,0.523,1.05625
2025-05-16 17:34:45.008,0.947625,0.525,1.0498750000000001
2025-05-16 17:34:45.041,0.95225,0.522375,1.051
2025-05-16 17:34:45.069,0.950375,0.521875,1.04375
2025-05-16 17:34:45.104,0.946625,0.523375,1.0455
2025-05-16 17:34:45.132,0.94675,0.523375,1.043625
2025-05-16 17:34:45.163,0.95025,0.5231250000000001,1.050875
2025-05-16 17:34:45.192,0.949375,0.522625,1.053
2025-05-16 17:34:45.220,0.948625,0.5221250000000001,1.04525
2025-05-16 17:34:45.251,0.9430000000000001,0.52125,1.04175
2025-05-16 17:34:45.283,0.9475,0.5185,1.0435
2025-05-16 17:34:45.313,0.9435,0.5195,1.053375
2025-05-16 17:34:45.343,0.942625,0.520625,1.047125
2025-05-16 17:34:45.375,0.947375,0.51825,1.050375
2025-05-16 17:34:45.412,0.94225,0.520375,1.04325
2025-05-16 17:34:45.445,0.946375,0.517625,1.046
2025-05-16 17:34:45.482,0.941625,0.519375,1.043125
2025-05-16 17:34:45.515,0.945125,0.517,1.044
2025-05-16 17:34:45.551,0.940875,0.51875,1.0465
2025-05-16 17:34:45.584,0.944125,0.5165,1.045625
2025-05-16 17:34:45.621,0.94025,0.51825,1.054375
2025-05-16 17:34:45.655,0.943625,0.51575,1.055375
2025-05-16 17:34:45.691,0.939875,0.5175,1.048
2025-05-16 17:34:45.725,0.94275,0.5155,1.051125
2025-05-16 17:34:45.761,0.93875,0.517,1.045125
2025-05-16 17:34:45.795,0.9425,0.514875,1.046
2025-05-16 17:34:45.832,0.938625,0.516375,1.04325
2025-05-16 17:34:45.865,0.941125,0.51375,1.0435
2025-05-16 17:34:45.901,0.9380000000000001,0.5165,1.045125
2025-05-16 17:34:45.934,0.942875,0.513375,1.045
2025-05-16 17:34:45.971,0.937625,0.5155,1.055
2025-05-16 17:34:46.005,0.941625,0.513,1.0558750000000001
2025-05-16 17:34:46.041,0.93725,0.514875,1.0498750000000001
2025-05-16 17:34:46.074,0.940625,0.51225,1.054375
2025-05-16 17:34:46.110,0.936125,0.51425,1.0455
2025-05-16 17:34:46.144,0.9400000000000001,0.512,1.0482500000000001
2025-05-16 17:34:46.179,0.936125,0.51375,1.043375
2025-05-16 17:34:46.214,0.939875,0.511625,1.0442500000000001
2025-05-16 17:34:46.250,0.936625,0.51325,1.043375
2025-05-16 17:34:46.283,0.939625,0.511375,1.043375
2025-05-16 17:34:46.318,0.9353750000000001,0.513125,1.0522500000000001
2025-05-16 17:34:46.353,0.9395,0.5105000000000001,1.05175
2025-05-16 17:34:46.388,0.934875,0.513,1.0542500000000001
2025-05-16 17:34:46.423,0.939625,0.510125,1.05725
2025-05-16 17:34:46.459,0.93525,0.51225,1.046875
2025-05-16 17:34:46.492,0.9393750000000001,0.50975,1.052
2025-05-16 17:34:46.528,0.935125,0.5115000000000001,1.044625
2025-05-16 17:34:46.561,0.9385,0.509375,1.04775
2025-05-16 17:34:46.597,0.93475,0.510875,1.04325
2025-05-16 17:34:46.630,0.9380000000000001,0.508875,1.04475
2025-05-16 17:34:46.665,0.93425,0.51075,1.04275
2025-05-16 17:34:46.699,0.937875,0.50875,1.04325
2025-05-16 17:34:46.734,0.934,0.510375,1.0485
2025-05-16 17:34:46.768,0.9373750000000001,0.508375,1.048625
2025-05-16 17:34:46.804,0.9343750000000001,0.50975,1.0538750000000001
2025-05-16 17:34:46.837,0.937125,0.508,1.0545
2025-05-16 17:34:46.872,0.93325,0.509875,1.0538750000000001
2025-05-16 17:34:46.906,0.937125,0.5075000000000001,1.057125
2025-05-16 17:34:46.943,0.93325,0.509125,1.046625
2025-05-16 17:34:46.976,0.936875,0.50675,1.04975
2025-05-16 17:34:47.012,0.9323750000000001,0.509,1.043875
2025-05-16 17:34:47.045,0.93675,0.506375,1.045125
2025-05-16 17:34:47.082,0.93175,0.508625,1.05
2025-05-16 17:34:47.112,0.93225,0.50825,1.03675
2025-05-16 17:34:47.143,0.93,0.503125,1.043625
2025-05-16 17:34:47.181,0.924,0.50575,1.0522500000000001
2025-05-16 17:34:47.209,0.919875,0.507,1.04175
2025-05-16 17:34:47.241,0.930875,0.502625,1.045625
2025-05-16 17:34:47.280,0.9197500000000001,0.5065000000000001,1.0355
2025-05-16 17:34:47.314,0.930875,0.5025000000000001,1.040875
2025-05-16 17:34:47.350,0.923625,0.505125,1.042625
2025-05-16 17:34:47.384,0.926875,0.503375,1.0415
2025-05-16 17:34:47.417,0.9413750000000001,0.506875,1.04475
2025-05-16 17:34:47.445,0.9365,0.50575,1.0575
2025-05-16 17:34:47.472,0.929875,0.505875,1.048125
2025-05-16 17:34:47.500,0.925125,0.506375,1.038375
2025-05-16 17:34:47.528,0.9165,0.501875,1.045875
2025-05-16 17:34:47.559,0.9265,0.502,1.0442500000000001
2025-05-16 17:34:47.592,0.92525,0.501125,1.04525
2025-05-16 17:34:47.628,0.9227500000000001,0.504,1.039
2025-05-16 17:34:47.661,0.933125,0.500375,1.0435
2025-05-16 17:34:47.699,0.9207500000000001,0.50425,1.042125
2025-05-16 17:34:47.727,0.92725,0.502625,1.042625
2025-05-16 17:34:47.760,0.929875,0.5005000000000001,1.04275
2025-05-16 17:34:47.798,0.924125,0.50325,1.04
2025-05-16 17:34:47.832,0.930875,0.5,1.043875
2025-05-16 17:34:47.870,0.9235,0.50275,1.039625
2025-05-16 17:34:47.898,0.9295,0.50125,1.041625
2025-05-16 17:34:47.931,0.927875,0.500125,1.0386250000000001
2025-05-16 17:34:47.965,0.920875,0.501,1.041125
2025-05-16 17:34:47.995,0.929625,0.5005000000000001,1.05125
2025-05-16 17:34:48.024,0.92975,0.499,1.052625
2025-05-16 17:34:48.056,0.9217500000000001,0.498875,1.047625
2025-05-16 17:34:48.085,0.92125,0.499375,1.03575
2025-05-16 17:34:48.121,0.92925,0.498625,1.043125
2025-05-16 17:34:48.156,0.91725,0.50075,1.045875
2025-05-16 17:34:48.189,0.9325,0.49575,1.056
2025-05-16 17:34:48.226,0.9167500000000001,0.499375,1.03775
2025-05-16 17:34:48.259,0.928125,0.49575,1.044375
2025-05-16 17:34:48.292,0.9275,0.49525,1.0558750000000001
2025-05-16 17:34:48.320,0.93075,0.497375,1.045375
2025-05-16 17:34:48.353,0.928,0.49925,1.046875
2025-05-16 17:34:48.381,0.928625,0.49925,1.0455
2025-05-16 17:34:48.416,0.932125,0.496625,1.047125
2025-05-16 17:34:48.454,0.927875,0.498375,1.044125
2025-05-16 17:34:48.486,0.927875,0.498125,1.05125
2025-05-16 17:34:48.519,0.9313750000000001,0.497875,1.049125
2025-05-16 17:34:48.551,0.9313750000000001,0.49562500000000004,1.0502500000000001
2025-05-16 17:34:48.584,0.9273750000000001,0.49575,1.045625
2025-05-16 17:34:48.615,0.927,0.497375,1.04875
2025-05-16 17:34:48.647,0.926625,0.497,1.043875
2025-05-16 17:34:48.680,0.93075,0.494375,1.043
2025-05-16 17:34:48.713,0.929,0.494375,1.0455
2025-05-16 17:34:48.748,0.926,0.49625,1.050125
2025-05-16 17:34:48.778,0.925625,0.496,1.0442500000000001
2025-05-16 17:34:48.811,0.92925,0.49475,1.0515
2025-05-16 17:34:48.840,0.929,0.494,1.05
2025-05-16 17:34:48.868,0.9285,0.4935,1.046875
2025-05-16 17:34:48.904,0.9243750000000001,0.49512500000000004,1.045
2025-05-16 17:34:48.936,0.924875,0.49512500000000004,1.047125
2025-05-16 17:34:48.964,0.925,0.4945,1.043125
2025-05-16 17:34:48.996,0.927625,0.493375,1.046875
2025-05-16 17:34:49.024,0.927125,0.4925,1.0485
2025-05-16 17:34:49.058,0.925875,0.49225,1.053625
2025-05-16 17:34:49.089,0.9243750000000001,0.49175,1.050125
2025-05-16 17:34:49.121,0.922875,0.49362500000000004,1.04975
2025-05-16 17:34:49.152,0.922625,0.493375,1.052125
2025-05-16 17:34:49.185,0.926125,0.492,1.04325
2025-05-16 17:34:49.213,0.925875,0.49262500000000004,1.043375
2025-05-16 17:34:49.245,0.925625,0.490875,1.045125
2025-05-16 17:34:49.281,0.92125,0.49262500000000004,1.050875
2025-05-16 17:34:49.310,0.9215,0.49225,1.058625
2025-05-16 17:34:49.341,0.921375,0.492,1.049125
2025-05-16 17:34:49.373,0.9247500000000001,0.49075,1.0525
2025-05-16 17:34:49.402,0.92425,0.489875,1.056375
2025-05-16 17:34:49.437,0.920375,0.49,1.044375
2025-05-16 17:34:49.467,0.921375,0.490875,1.0475
2025-05-16 17:34:49.496,0.92,0.490875,1.051625
2025-05-16 17:34:49.527,0.919,0.490875,1.0585
2025-05-16 17:34:49.558,0.918875,0.4905,1.049125
2025-05-16 17:34:49.590,0.92225,0.4935,1.051125
2025-05-16 17:34:49.618,0.9187500000000001,0.48775,1.04275
2025-05-16 17:34:49.651,0.9167500000000001,0.48962500000000003,1.04775
2025-05-16 17:34:49.684,0.921125,0.4875,1.0478750000000001
2025-05-16 17:34:49.717,0.918625,0.48712500000000003,1.042625
2025-05-16 17:34:49.751,0.916125,0.489,1.04575
2025-05-16 17:34:49.781,0.916375,0.48862500000000003,1.0425
2025-05-16 17:34:49.814,0.919625,0.48762500000000003,1.043625
2025-05-16 17:34:49.845,0.91925,0.4865,1.0442500000000001
2025-05-16 17:34:49.878,0.9157500000000001,0.486875,1.05325
2025-05-16 17:34:49.909,0.9157500000000001,0.48775,1.0578750000000001
2025-05-16 17:34:49.941,0.9155,0.48775,1.055625
2025-05-16 17:34:49.970,0.9147500000000001,0.4875,1.055625
2025-05-16 17:34:50.003,0.918125,0.48562500000000003,1.05625
2025-05-16 17:34:50.036,0.917,0.48512500000000003,1.050875
2025-05-16 17:34:50.070,0.9137500000000001,0.486875,1.0478750000000001
2025-05-16 17:34:50.098,0.914375,0.48662500000000003,1.0425
2025-05-16 17:34:50.131,0.917625,0.485375,1.045125
2025-05-16 17:34:50.160,0.917375,0.48525,1.0498750000000001
2025-05-16 17:34:50.189,0.91725,0.48425,1.0518750000000001
2025-05-16 17:34:50.223,0.915,0.484,1.05825
2025-05-16 17:34:50.253,0.9227500000000001,0.48862500000000003,1.044
2025-05-16 17:34:50.281,0.921,0.48762500000000003,1.0482500000000001
2025-05-16 17:34:50.308,0.9195,0.486875,1.05725
2025-05-16 17:34:50.336,0.9185,0.48625,1.042875
2025-05-16 17:34:50.364,0.9175,0.48562500000000003,1.045875
2025-05-16 17:34:50.392,0.916875,0.48525,1.05575
2025-05-16 17:34:50.420,0.916125,0.484875,1.041875
2025-05-16 17:34:50.448,0.908625,0.4815,1.0425
2025-05-16 17:34:50.476,0.9101250000000001,0.481625,1.0535
2025-05-16 17:34:50.504,0.910875,0.482,1.042625
2025-05-16 17:34:50.532,0.91625,0.48512500000000003,1.044625
